id,name,email,role,department,start_date
1,Bob White,bob.white@examplecorp.com,Analyst,Product,2023-08-01
2,Eve Martinez,eve.martinez@examplecorp.com,Junior Analyst,Strategy,2021-08-01
3,Bob Taylor,bob.taylor@examplecorp.com,Senior Analyst,Security,2020-08-01
4,Carol Brown,carol.brown@examplecorp.com,Analyst,Support,2021-08-01
5,Ava Lee,ava.lee@examplecorp.com,Senior Analyst,Security,2022-08-01
6,Dan Thomas,dan.thomas@examplecorp.com,Junior Analyst,Sales,2020-08-01
7,Frank White,frank.white@examplecorp.com,Junior Analyst,Support,2021-08-01
8,Nina Lewis,nina.lewis@examplecorp.com,Junior Analyst,Finance,2023-08-01
9,Quinn Martinez,quinn.martinez@examplecorp.com,Junior Analyst,Strategy,2019-08-01
10,Mason Thomas,mason.thomas@examplecorp.com,Analyst,Support,2020-08-01
11,Jake Lewis,jake.lewis@examplecorp.com,Junior Analyst,Product,2023-08-01
12,Priya Allen,priya.allen@examplecorp.com,Analyst,Product,2022-08-01
13,Ava Johnson,ava.johnson@examplecorp.com,Senior Analyst,Marketing,2022-08-01
14,Olivia White,olivia.white@examplecorp.com,Junior Analyst,Research,2021-08-01
15,Dan Lewis,dan.lewis@examplecorp.com,Junior Analyst,Product,2019-08-01
16,Dan Thomas,dan.thomas@examplecorp.com,Senior Analyst,HR,2020-08-01
17,Vikram Lee,vikram.lee@examplecorp.com,Junior Analyst,Marketing,2019-08-01
18,Yara Harris,yara.harris@examplecorp.com,Junior Analyst,Marketing,2024-08-01
19,Xavier White,xavier.white@examplecorp.com,Junior Analyst,Product,2019-08-01
20,Sophia Lee,sophia.lee@examplecorp.com,Analyst,Product,2021-08-01
21,Sara Martinez,sara.martinez@examplecorp.com,Analyst,Strategy,2023-08-01
22,Wendy White,wendy.white@examplecorp.com,Junior Analyst,Security,2019-08-01
23,Uma Martinez,uma.martinez@examplecorp.com,Analyst,Logistics,2019-08-01
24,Omar Brown,omar.brown@examplecorp.com,Senior Analyst,Engineering,2022-08-01
25,Wendy Smith,wendy.smith@examplecorp.com,Analyst,Support,2020-08-01
26,Raj Martin,raj.martin@examplecorp.com,Senior Analyst,Engineering,2019-08-01
27,Vikram Taylor,vikram.taylor@examplecorp.com,Junior Analyst,Product,2024-08-01
28,Hank Garcia,hank.garcia@examplecorp.com,Junior Analyst,HR,2023-08-01
29,Eve Smith,eve.smith@examplecorp.com,Junior Analyst,Legal,2019-08-01
30,Quinn Harris,quinn.harris@examplecorp.com,Junior Analyst,Product,2023-08-01
31,Nina Jones,nina.jones@examplecorp.com,Senior Analyst,Marketing,2023-08-01
32,Olivia Clark,olivia.clark@examplecorp.com,Junior Analyst,IT,2020-08-01
33,Ava Johnson,ava.johnson@examplecorp.com,Analyst,Finance,2022-08-01
34,Jake Garcia,jake.garcia@examplecorp.com,Junior Analyst,IT,2022-08-01
35,Jake Clark,jake.clark@examplecorp.com,Senior Analyst,Logistics,2020-08-01
36,Wendy Martin,wendy.martin@examplecorp.com,Analyst,Strategy,2023-08-01
37,Sophia White,sophia.white@examplecorp.com,Analyst,Engineering,2020-08-01
38,Uma Smith,uma.smith@examplecorp.com,Junior Analyst,Strategy,2024-08-01
39,Olivia Garcia,olivia.garcia@examplecorp.com,Junior Analyst,Security,2023-08-01
40,Tom Johnson,tom.johnson@examplecorp.com,Analyst,Engineering,2021-08-01
41,Sara Johnson,sara.johnson@examplecorp.com,Analyst,Strategy,2019-08-01
42,Nina White,nina.white@examplecorp.com,Senior Analyst,Support,2022-08-01
43,Nina Smith,nina.smith@examplecorp.com,Junior Analyst,Support,2021-08-01
44,Yara White,yara.white@examplecorp.com,Analyst,IT,2022-08-01
45,Nina Clark,nina.clark@examplecorp.com,Junior Analyst,Product,2021-08-01
46,Wendy Walker,wendy.walker@examplecorp.com,Analyst,Strategy,2022-08-01
47,Grace Taylor,grace.taylor@examplecorp.com,Junior Analyst,Research,2024-08-01
48,Dan Smith,dan.smith@examplecorp.com,Analyst,Finance,2019-08-01
49,Emma Jones,emma.jones@examplecorp.com,Analyst,Product,2019-08-01
50,Liam Johnson,liam.johnson@examplecorp.com,Senior Analyst,Support,2019-08-01
51,Mason Lee,mason.lee@examplecorp.com,Senior Analyst,Sales,2022-08-01
52,Vikram Anderson,vikram.anderson@examplecorp.com,Analyst,IT,2022-08-01
53,Nina Anderson,nina.anderson@examplecorp.com,Analyst,Engineering,2023-08-01
54,Raj Taylor,raj.taylor@examplecorp.com,Junior Analyst,Logistics,2021-08-01
55,Nina Allen,nina.allen@examplecorp.com,Junior Analyst,Product,2023-08-01
56,Sophia Johnson,sophia.johnson@examplecorp.com,Analyst,Logistics,2020-08-01
57,Sophia Smith,sophia.smith@examplecorp.com,Junior Analyst,Product,2019-08-01
58,Ivy Allen,ivy.allen@examplecorp.com,Junior Analyst,Engineering,2023-08-01
59,Tom Lewis,tom.lewis@examplecorp.com,Senior Analyst,Marketing,2024-08-01
60,Frank White,frank.white@examplecorp.com,Senior Analyst,Operations,2019-08-01
61,Jake White,jake.white@examplecorp.com,Junior Analyst,Legal,2020-08-01
62,Bob White,bob.white@examplecorp.com,Junior Analyst,Finance,2024-08-01
63,Tom Jones,tom.jones@examplecorp.com,Senior Analyst,Marketing,2021-08-01
64,Yara Smith,yara.smith@examplecorp.com,Senior Analyst,Security,2022-08-01
65,Carol Lewis,carol.lewis@examplecorp.com,Junior Analyst,Logistics,2022-08-01
66,Xavier Thomas,xavier.thomas@examplecorp.com,Analyst,Engineering,2019-08-01
67,Tom Lewis,tom.lewis@examplecorp.com,Junior Analyst,Legal,2021-08-01
68,Eve White,eve.white@examplecorp.com,Junior Analyst,Finance,2022-08-01
69,Noah Allen,noah.allen@examplecorp.com,Analyst,Product,2019-08-01
70,Nina Smith,nina.smith@examplecorp.com,Senior Analyst,Logistics,2021-08-01
71,Eve Anderson,eve.anderson@examplecorp.com,Senior Analyst,Product,2022-08-01
72,Noah Martin,noah.martin@examplecorp.com,Junior Analyst,IT,2022-08-01
73,Eve Smith,eve.smith@examplecorp.com,Senior Analyst,Product,2022-08-01
74,Carol Lewis,carol.lewis@examplecorp.com,Junior Analyst,Support,2020-08-01
75,Alice Williams,alice.williams@examplecorp.com,Senior Analyst,Security,2021-08-01
76,Grace Walker,grace.walker@examplecorp.com,Senior Analyst,Marketing,2019-08-01
77,Sara Harris,sara.harris@examplecorp.com,Senior Analyst,Marketing,2024-08-01
78,Sophia Johnson,sophia.johnson@examplecorp.com,Senior Analyst,Strategy,2020-08-01
79,Sophia Harris,sophia.harris@examplecorp.com,Senior Analyst,Operations,2024-08-01
80,Raj Martinez,raj.martinez@examplecorp.com,Analyst,Finance,2019-08-01
81,Vikram White,vikram.white@examplecorp.com,Analyst,Logistics,2023-08-01
82,Sophia Lewis,sophia.lewis@examplecorp.com,Junior Analyst,Support,2024-08-01
83,Quinn Garcia,quinn.garcia@examplecorp.com,Junior Analyst,Marketing,2020-08-01
84,Noah Jones,noah.jones@examplecorp.com,Junior Analyst,Sales,2024-08-01
85,Frank Lee,frank.lee@examplecorp.com,Junior Analyst,Finance,2022-08-01
86,Hank Walker,hank.walker@examplecorp.com,Junior Analyst,IT,2021-08-01
87,Wendy Anderson,wendy.anderson@examplecorp.com,Senior Analyst,HR,2019-08-01
88,Nina Lee,nina.lee@examplecorp.com,Analyst,Strategy,2023-08-01
89,Grace White,grace.white@examplecorp.com,Analyst,IT,2023-08-01
90,Vikram Martin,vikram.martin@examplecorp.com,Analyst,Logistics,2020-08-01
91,Noah Anderson,noah.anderson@examplecorp.com,Analyst,Sales,2021-08-01
92,Noah Brown,noah.brown@examplecorp.com,Analyst,IT,2024-08-01
93,Jake Hall,jake.hall@examplecorp.com,Junior Analyst,IT,2023-08-01
94,Tom Anderson,tom.anderson@examplecorp.com,Junior Analyst,Product,2022-08-01
95,Liam Walker,liam.walker@examplecorp.com,Junior Analyst,Sales,2020-08-01
96,Sophia Hall,sophia.hall@examplecorp.com,Junior Analyst,Logistics,2024-08-01
97,Tom Brown,tom.brown@examplecorp.com,Junior Analyst,Research,2024-08-01
98,Dan Walker,dan.walker@examplecorp.com,Analyst,Security,2019-08-01
99,Uma Johnson,uma.johnson@examplecorp.com,Junior Analyst,Research,2019-08-01
100,Olivia Jones,olivia.jones@examplecorp.com,Junior Analyst,Engineering,2024-08-01
